Temperature,Rainfall,Soil_pH,N,P,K,Crop,Recommended_Fertilizer
50.17984508,205.600816,6.227357805,66.70187235,76.96356027,96.42906521,4,Compost
21.63331836,306.0816006,7.173131182,71.58331644,163.0576361,148.1283475,4,NPK
26.24197519,212.7035133,6.883367121,78.03368731,151.0125215,153.0057123,4,NPK
21.34222738,249.9801852,5.692239729,72.08912147,42.59125548,68.03560892,4,DAP
25.65799922,250.7010117,6.614611286,75.03250539,118.0053481,142.0047421,4,Compost
29.0051548,290.8096202,5.1848698,85.4487904,47.08050139,67.2013236,4,DAP
24.5582779,270.2015744,5.077891029,83.57937587,47.99968362,57.03189831,4,DAP
50.17984508,208.6501269,6.877079238,35.52771842,144.0078175,149.2581339,4,Urea
27.16251172,226.8723088,6.92096417,74.74445541,151.3626724,147.1449459,4,NPK
25.4487713,212.875327,6.912928818,70.74932521,153.6726499,144.1104891,4,NPK
23.93451934,283.1928696,5.592619636,80.33436643,63.621699,-20.50910839,4,MOP
21.50747982,184.8705814,6.760454667,68.44308175,68.25740509,80.68965587,4,Compost
23.0410202,247.9416711,7.764561161,78.78783369,73.86528901,80.5394512,4,Compost
24.08766756,246.4689611,7.030108983,81.10833586,-37.64973873,143.250181,4,DAP
23.09774659,204.4527786,6.419031428,72.00320985,62.41039845,79.0840353,4,Compost
19.39265761,277.7240114,5.137542294,73.9239385,33.85300851,62.9417338,4,DAP
24.24847304,279.0923892,5.750526288,83.37843297,34.75719429,77.25424078,4,DAP
18.23578016,299.8437231,7.567767907,77.37652683,88.94464272,138.6079073,4,NPK
23.39116419,306.0816006,3.908612908,35.52771842,47.95614952,66.91950251,4,Urea
29.10656063,256.9871801,7.128379209,81.64232263,123.2436919,148.2851494,4,NPK
28.89723936,194.8523742,5.350071768,73.95370944,43.32984277,53.19707355,4,DAP
24.16339613,228.8844379,7.874057057,74.18316254,49.94836466,79.06910834,4,DAP
23.64303131,218.9697034,7.246472618,69.4689771,119.8959652,144.4530026,4,NPK
23.30791344,250.2530118,7.502741611,80.8092028,68.07111668,-20.50910839,4,MOP
20.63079426,194.3301477,6.87972655,69.76745857,124.4223494,147.7244097,4,NPK
23.03183991,175.775862,7.379071295,35.52771842,91.64991865,103.8345464,4,Urea
23.05670497,-85.70959335,5.839823153,72.96269334,49.46817518,70.41136278,4,DAP
23.96248681,313.4424048,5.484360874,82.32123617,46.23195008,-20.50910839,4,DAP
24.37277863,-85.70959335,7.05460407,74.62661636,151.7401252,147.5485129,4,NPK
21.86339684,186.4467731,7.507470018,67.75225758,141.919592,-20.50910839,4,MOP
19.26298597,274.1967289,6.67274393,73.6586746,78.98174473,111.5487021,4,Compost
20.28568522,277.029502,7.007753639,80.21743755,141.2061063,137.279138,4,Compost
21.24983957,191.2824737,6.989162384,68.26590661,153.5704484,152.442148,4,NPK
23.51172745,194.7965058,6.642999387,70.84642149,122.2543494,139.1804434,4,NPK
22.06135866,233.5651557,5.56905157,68.446876,-37.64973873,54.32360711,4,DAP
26.85548831,226.2750979,6.793279131,75.72362818,158.3106468,144.8063616,4,Compost
24.39511834,269.3192987,5.300017503,77.19245024,37.97407436,159.5640307,4,DAP
27.23193792,195.7418633,6.770412446,71.47928875,152.8163198,143.9421517,4,NPK
23.12337117,251.1259534,7.07068968,78.43653078,125.0719986,-20.50910839,4,MOP
25.52694333,312.8210245,6.785582263,82.87921825,82.30798506,137.7631186,4,NPK
19.70107452,175.6282523,7.094862552,71.11864082,118.3263782,115.5364945,4,NPK
25.57376827,267.3431469,6.995289487,82.09759446,150.0835938,138.3822964,4,NPK
21.12846688,280.6537276,6.873229391,77.79489618,151.4419237,137.9796145,4,NPK
24.76970906,306.0816006,5.021646357,69.69177575,46.46698832,60.7260022,4,DAP
27.85849127,201.0205265,3.908612908,35.52771842,39.25697981,50.18752265,4,Urea
25.60471868,222.327876,6.133922124,78.32411351,70.42190935,86.38538966,4,Compost
25.53250023,194.7768001,6.021259927,72.77505443,-37.64973873,68.32791641,4,DAP
26.02396836,228.0731423,5.200006126,75.25435863,36.05711225,69.40660961,4,DAP
25.10155973,249.8864421,4.95682218,78.73087438,38.65922814,57.36156198,4,DAP
21.0542625,244.3784441,7.108017049,79.93967849,85.93880187,113.1005319,4,NPK
21.46220174,223.9720572,6.480742029,66.9215334,88.66493423,100.8450277,4,NPK
23.95341145,280.5599529,6.611215274,35.52771842,74.15173031,114.207173,4,Urea
50.17984508,256.4043086,6.347789015,78.63886658,64.45628699,75.26036297,4,Compost
23.95212609,186.5433777,7.308980647,74.00130947,131.784194,147.8995073,4,NPK
24.11678814,194.3944954,5.283930931,70.74658541,47.06712876,54.83083978,4,DAP
4.011486444,71.6773655,7.037524604,60.47601453,150.0899402,143.0770165,2,Compost
22.2207757,107.7706233,6.381216183,58.7797483,77.72161187,-20.50910839,2,MOP
32.48684907,87.78056613,6.295652104,59.12956182,43.54395518,65.25710505,2,DAP
26.95073391,107.1212379,6.622068107,63.33403531,58.38663579,73.29283447,2,Compost
32.43703701,132.7615646,6.551901249,66.88088908,61.22547532,72.99084961,2,Compost
30.10795385,159.9961964,6.438045167,60.0354755,49.3532746,74.05132943,2,DAP
25.08757706,138.6127849,5.962440748,59.23301438,46.27093245,48.40085647,2,DAP
32.8422448,146.2042568,6.507024819,35.52771842,58.16845437,159.5640307,2,Urea
29.53793859,88.94508148,6.339765909,60.61833734,47.70484144,65.7066931,2,DAP
32.33931303,132.8702936,6.033188104,61.77343922,39.46010784,74.48995627,2,DAP
35.20701108,142.3727397,6.723629658,35.52771842,59.93747233,94.66503492,2,Urea
28.39836087,100.225184,6.431833336,59.51647319,67.044412,73.26297938,2,Compost
25.6364456,167.654874,6.450021429,61.83556722,41.66877709,64.88863962,2,DAP
26.00964477,129.8985305,6.546450071,64.42633315,45.86502829,73.90977516,2,DAP
50.17984508,136.1129846,6.916279252,62.32242847,64.89207604,90.56059562,2,Compost
29.0235189,107.5106083,6.282388127,57.54217859,49.10341333,63.26638708,2,DAP
24.39999244,106.8031382,6.064117639,58.92177113,46.61699343,53.78952594,2,DAP
24.30811991,173.5692606,6.23379023,61.94823665,43.9839596,63.90354706,2,DAP
21.89841272,76.29925649,6.196818914,52.24019102,54.89742919,52.13499781,2,Compost
22.37348365,82.38797379,8.82843282,55.6591259,34.65997027,51.00873145,2,DAP
28.15183047,104.9943335,5.71821624,56.56041905,43.42952958,57.11894349,2,DAP
26.42814242,60.76831178,6.265102059,56.58059864,50.23380799,44.0759895,2,MOP
24.38705594,112.3144914,6.256670219,56.97780085,52.39397938,55.21303719,2,Compost
4.011486444,112.1744906,6.553131915,58.20546077,65.53128264,82.12218494,2,Compost
23.9458603,112.3275718,6.64142977,61.23886601,68.07843269,74.11904779,2,Compost
28.66740363,99.1971624,6.361968083,59.09897907,58.63613292,62.49651067,2,Compost
21.21745409,167.4029811,6.713935644,56.17417942,69.86294168,72.73923182,2,Compost
24.21286359,86.68576593,6.017103279,57.64017534,43.31958806,60.01143091,2,DAP
26.02427471,135.7161982,6.39125051,61.01055366,49.33931787,64.22480959,2,DAP
23.02220822,141.2293048,6.361394005,56.83781102,49.09805988,71.76809252,2,DAP
21.69380337,94.34224094,6.734298996,58.11103023,49.0365839,69.19059001,2,DAP
31.59835712,82.74192622,6.327851312,57.30150688,56.33745016,51.98155345,2,Compost
32.53307808,152.2828363,6.811977832,63.34015001,71.05194811,87.95544164,2,Compost
28.22375776,128.6294368,6.202889069,64.70449995,-37.64973873,69.60592843,2,DAP
21.38307281,95.89216381,6.086990462,54.15348141,36.06701123,53.55477994,2,DAP
21.17715575,115.608112,6.594668981,60.70596123,54.06709881,51.81075209,2,Compost
21.42655531,153.3294629,6.802082453,35.52771842,81.4914371,96.44894964,2,Urea
21.44963417,102.1338948,5.728215231,56.51783558,34.90144039,52.80186568,2,DAP
30.85779607,169.1176235,8.82843282,66.78492664,-37.64973873,146.3190481,2,DAP
21.47462229,138.5011625,6.631517801,35.52771842,69.68211608,74.30464146,2,Urea
33.77110968,124.6687212,6.509599428,62.18868492,-37.64973873,94.62971483,2,DAP
30.00265005,87.03643383,6.075101133,57.04133043,-37.64973873,49.86003824,2,DAP
21.70614036,168.9302555,6.189373049,63.34181516,45.25915096,73.45820611,2,DAP
29.48754867,-85.70959335,6.141699561,60.06793131,38.08175403,52.49018796,2,DAP
24.21949906,165.7609214,6.346169014,59.37566196,47.90256703,85.6129136,2,DAP
21.8714006,124.3335811,6.152789907,57.593671,49.89539371,62.83087598,2,DAP
30.583805,199.6393628,4.701171102,69.14592254,26.03793467,58.45476267,22,DAP
20.43802187,201.0031739,5.133963147,59.57155509,177.3144812,47.35130434,22,MOP
50.17984508,164.752742,5.137176126,62.65191464,42.43063088,50.03198753,22,DAP
28.75981268,205.9218158,4.746297882,86.96971052,46.50190491,50.46492899,22,DAP
22.4002373,220.9327818,4.553544217,67.52715442,43.94401289,48.60617347,22,DAP
29.44497189,248.6270085,4.477219151,70.3035561,26.60360374,66.41562019,22,DAP
23.1569014,220.409723,5.074009552,69.6920285,33.23212268,57.76490893,22,DAP
23.51413763,225.2624224,4.80905829,67.81922823,41.04377675,55.61466846,22,DAP
26.62269303,174.5076512,4.685821494,66.1406104,40.40144824,44.95638461,22,DAP
22.56964939,154.6372678,4.662314026,65.45433625,42.49511895,42.37097766,22,DAP
24.56344861,191.8360612,4.593585978,70.92832573,33.95544106,60.6326884,22,DAP
50.17984508,167.8507738,5.085550027,62.72312866,26.56833595,48.16771381,22,DAP
19.92784358,237.6364505,8.82843282,65.78581237,36.053484,46.6104963,22,DAP
23.55187317,202.3024084,4.60422019,69.3137285,33.89772763,45.11361437,22,DAP
22.69662503,240.8235481,4.497986144,65.94033991,46.18936724,50.96007932,22,DAP
23.51854702,265.0121915,4.836173433,69.04872658,42.84814013,61.00605599,22,DAP
22.97746142,196.2261723,3.908612908,66.25392318,177.3144812,47.7021704,22,MOP
27.79316104,227.8912489,4.760046993,68.07279038,46.74864108,45.89287481,22,DAP
22.74627676,202.3305477,4.722667798,65.31062655,46.55843945,56.27639181,22,DAP
23.34190238,263.5961562,4.813625929,70.09978585,41.69610331,44.76233627,22,DAP
24.40974726,254.8019637,5.203618023,68.01729928,38.72073397,53.84821167,22,DAP
27.09698868,172.8586736,4.702669485,65.17163885,177.3144812,48.60299634,22,MOP
26.51135691,224.7514755,4.654720446,66.21315453,39.12838346,49.80818278,22,DAP
24.18903071,186.4613525,4.742070766,69.24503839,40.97505963,57.44392216,22,DAP
26.1556214,225.64562,4.912633409,72.08204337,41.98887332,50.64686967,22,DAP
23.52359406,233.978741,4.941183185,67.93507196,44.15066908,58.93536462,22,DAP
22.19919209,249.5682612,4.611409207,68.0558263,39.93729362,56.686938,22,DAP
19.4764656,277.9475786,5.008098291,66.50629166,32.45671614,61.75243355,22,DAP
21.81456149,228.147293,4.923435763,65.85301461,35.22975438,159.5640307,22,DAP
29.43107654,218.7421027,4.733670845,70.01240932,45.54324149,53.26264005,22,DAP
50.17984508,142.8926471,4.360648361,61.95432455,37.8367246,45.46599665,22,DAP
25.03018539,122.9839312,4.535769747,63.50066711,41.55792859,53.93241278,22,DAP
22.89108522,147.5637827,4.898496124,62.27074517,45.78265968,46.8993577,22,DAP
22.78428984,186.7632056,4.366391677,62.62320389,30.95038617,46.53760595,22,DAP
22.63846475,250.7772862,4.565925135,67.38304677,36.0115894,-20.50910839,22,DAP
20.84106557,183.8756639,4.630610348,65.72009104,25.66009702,42.68966124,22,DAP
20.44136803,196.3197426,4.409465666,65.31454884,35.29875,56.42855272,22,DAP
24.98564484,182.2431193,4.757012776,67.03097115,23.21299185,47.72786027,22,DAP
22.97373819,175.0858984,4.759991157,86.96971052,47.39733642,50.03822005,22,DAP
22.35188271,201.7999172,4.879444846,63.02194821,40.0522523,61.35743762,22,DAP
25.71511799,240.5448431,4.695639697,67.71287968,30.51789227,47.99764787,22,DAP
25.28690509,175.5474441,4.750785299,64.23859866,23.63859735,58.90999596,22,DAP
24.77006514,164.2992876,4.489359858,64.4267807,41.98405629,45.74813047,22,DAP
21.18368314,180.2622021,4.707800739,65.16861083,29.16549219,50.13827897,22,DAP
24.79751213,189.5620851,3.908612908,64.56818957,40.277744,40.16777813,22,DAP
27.53169236,238.0965549,4.654953423,70.62353436,42.54641105,53.16556957,22,DAP
25.12959153,193.4623884,4.350640836,66.81999495,33.98386611,56.98008301,22,DAP
24.22641846,209.1491745,4.509646766,63.4180674,39.45948997,54.78283365,22,DAP
27.00300153,198.0275521,5.145715967,69.91252494,38.91920867,52.7715813,22,DAP
20.71507911,228.9911801,4.496190546,64.29720461,39.28080359,48.26416372,22,DAP
27.76499591,185.7254284,4.73132973,67.00413823,41.93529594,58.51495467,22,DAP
27.11565894,-85.70959335,4.533632483,72.60496178,36.90716403,57.92681399,22,DAP
22.1680312,235.5050168,4.660763722,68.47751151,32.99120518,50.74828718,22,DAP
23.37167649,228.562483,5.105886107,66.93556068,45.44819097,50.37977974,22,DAP
22.82006445,187.033304,4.964080354,65.76999115,42.64871217,49.99722115,22,DAP
25.43537445,225.6287674,5.083703594,69.77339972,33.55192043,42.16351021,22,DAP
4.011486444,263.2131625,5.206287822,70.76600504,177.3144812,43.91319776,22,MOP
25.77998545,213.7407801,5.029743253,68.04721123,30.22755492,48.68543498,22,DAP
26.17634958,167.1464194,5.038599598,65.7719816,42.55954237,47.01999777,22,DAP
26.71321253,216.5455256,4.746371905,67.54806331,42.57982375,57.23606619,22,DAP
31.51862816,209.285117,4.771899193,72.5945967,39.267318,61.21288457,22,DAP
23.12567016,248.2526814,4.974711546,86.96971052,43.44581004,57.90325303,22,DAP
20.86289321,155.0336687,5.010808129,60.56951803,37.12913544,53.27190527,22,DAP
26.24739887,172.2031851,4.785944123,65.62762616,42.09430741,49.20088215,22,DAP
23.25860015,165.1376086,5.206193494,62.85690735,20.27444013,49.00271308,22,DAP
26.02020279,207.1926946,4.609215112,71.62010053,36.99536614,49.89091867,22,DAP
22.58585936,198.4255252,4.841157787,66.96102291,34.49095835,53.54560306,22,DAP
23.43871395,199.5497422,4.783864998,68.34902957,32.64838715,159.5640307,22,DAP
25.34496215,147.7947934,4.943888635,63.84478539,42.25272294,58.24082477,22,DAP
25.13552823,247.1459943,4.630736128,68.85066352,50.08637945,45.83641501,22,MOP
23.05026247,122.0161657,4.881610282,60.62689985,36.37104819,49.73565863,22,DAP
25.46055519,205.083507,4.746508055,64.91635532,29.84823826,41.18976017,22,DAP
21.86593061,270.4839532,4.738248791,67.29466511,36.83641576,55.50803404,22,DAP
27.96102623,184.8228581,4.577723954,65.29367707,34.39405051,54.20739787,22,DAP
21.97360802,182.0742382,5.226926842,35.52771842,37.78058071,56.19688147,22,Urea
26.12643103,181.7474668,4.727315002,65.58330351,35.54204682,56.36769135,22,DAP
26.68617071,174.9585037,4.849604699,64.29100543,36.47772492,49.07581938,22,DAP
22.91336332,161.1540009,4.593752541,62.22065522,60.15678548,46.13160454,22,MOP
20.61220736,232.7727886,4.6634039,64.51510846,42.32441326,46.63938487,22,DAP
24.44033469,197.9425645,4.725562888,69.21896625,29.5157778,55.3344267,22,DAP
18.4082244,222.0678568,5.172709003,66.12915704,36.31748714,49.48835721,22,DAP
20.00834034,228.1231872,4.931939679,67.2639603,43.67536359,59.63503847,22,DAP
23.6669942,181.1502634,4.593123134,65.29683829,35.64458989,53.81828008,22,DAP
22.10205443,222.4134862,4.968859518,65.55721776,39.80313755,62.71692806,22,DAP
27.55882666,235.6228644,4.284056356,67.31120139,38.486038,56.49564288,22,DAP
25.47152911,209.9591971,4.577032764,67.01984371,45.75985771,61.01716516,22,DAP
50.17984508,234.0161884,4.554383143,69.22888304,40.31349938,55.7211919,22,DAP
24.01860649,197.1101869,4.781212242,64.33021854,38.87610367,52.08097268,22,DAP
23.21319488,231.7474088,4.829984882,68.80028303,38.69394558,50.64796266,22,DAP
27.80153292,194.6320072,4.272939574,65.45459966,27.68787935,57.43573799,22,DAP
27.7428784,177.5761747,5.058029434,86.96971052,44.26987622,50.57781542,22,DAP
19.86423148,-85.70959335,4.471220691,66.4695717,49.51118569,44.40896321,22,DAP
24.96077411,197.8210336,4.620541392,68.95323694,32.66102721,43.30426474,22,DAP
21.38000367,166.8156813,3.908612908,58.4954363,42.89704747,51.60498652,22,DAP
27.88815861,186.244452,4.513732801,68.02991535,46.72551275,-20.50910839,22,DAP
27.72567897,181.1969796,8.82843282,68.93578989,35.04873445,159.5640307,22,DAP
24.10996036,185.5273935,5.050908458,66.50103801,39.86509014,51.71162268,22,DAP
26.07574629,172.824131,7.285730868,35.52771842,96.94446813,146.4999309,18,Urea
27.12575729,120.6470158,7.228988417,62.73254857,96.97061131,134.4876755,18,Compost
4.011486444,132.3508086,7.045350887,61.39384489,95.44385013,159.5640307,18,Compost
27.17192534,139.6610925,6.047408579,61.28829719,47.69682483,-20.50910839,18,DAP
50.17984508,165.9833945,7.458759723,65.87553554,64.24433939,81.29320277,18,Compost
24.3251878,169.0725107,7.401064765,65.54430313,67.17034814,85.22544287,18,Compost
25.69210181,199.2636582,7.078225424,66.50433429,140.8485673,-20.50910839,18,MOP
22.49727588,154.1366487,7.368348822,64.14021648,73.48942557,96.30046435,18,NPK
26.54117895,197.4635788,6.057514861,66.51331714,177.3144812,64.93671072,18,Compost
23.01703522,109.9170067,7.035298631,59.13915793,150.0378875,144.8566631,18,Compost
22.68826157,182.3474047,7.448387124,66.04986174,97.0109913,154.2616422,18,Compost
28.48784296,124.8019169,6.995936298,63.6220547,131.6896246,129.7447045,18,NPK
4.011486444,156.0426648,7.438192791,60.14090495,121.8383995,132.0968209,18,Compost
23.2749303,104.7627778,6.610668499,60.75447367,103.3469278,-20.50910839,18,MOP
27.06414433,160.4518756,7.153054098,62.78655321,84.79893495,124.7223717,18,Compost
26.43556452,115.4543013,7.084953423,86.96971052,112.5310673,115.306553,18,Compost
26.90339974,143.6827072,6.397218192,61.38226814,69.52897913,73.38843742,18,NPK
26.54742003,207.3142953,6.381794035,67.71404351,41.518208,61.99335478,18,DAP
26.84989061,178.7708433,6.424144566,63.57631158,44.30691308,75.90998102,18,DAP
28.42117595,122.8973329,6.76857122,59.8472133,-37.64973873,75.36600995,18,DAP
24.6608349,129.385055,6.855585185,60.81827351,151.540908,140.0669903,18,Compost
26.95454164,153.3431812,7.013535598,64.40605782,147.4882764,144.6129274,18,Compost
23.78649996,189.6172286,8.82843282,62.80573843,41.19174662,66.29722014,18,DAP
25.08879892,149.1417783,6.73258083,62.90755148,92.89598901,121.8424806,18,Compost
24.23195849,163.0637512,6.071203672,61.76007014,40.68423973,63.4762125,18,DAP
23.98690797,145.1951863,7.040779194,63.15543854,131.5402008,137.70836,18,Compost
24.64124303,167.0618472,6.833278661,64.13726789,137.4254418,135.7970014,18,Compost
29.8651102,190.7316782,6.547429986,67.2125736,139.2498451,-20.50910839,18,MOP
25.50083945,207.2934232,7.202234718,68.09229043,91.46700977,127.5769859,18,NPK
25.48638731,158.8132086,6.121578439,63.28722798,48.63109565,64.69322538,18,DAP
26.07121977,181.3740045,6.305596859,65.5489822,70.21928053,98.27974529,18,NPK
27.73742938,139.13465,7.456123772,57.74638824,56.99660451,71.16657682,18,Compost
23.34877839,173.8959172,6.647074882,64.23249273,177.3144812,131.4842596,18,Compost
23.84983984,205.4138145,7.024707423,67.85393008,147.7558402,156.3112912,18,Compost
28.85617126,306.0816006,6.981074231,65.82491836,145.5712534,133.9487466,18,Compost
27.11376277,129.9735785,7.406306536,61.86914891,145.7949571,159.5640307,18,NPK
24.34541201,108.1754676,7.281876332,59.29420305,102.8558973,105.3828345,18,Compost
28.14019833,144.013323,7.171126345,60.2299724,146.6662428,130.2772719,18,Compost
26.01722981,150.7577186,6.219369613,63.93247063,58.78215532,62.85090082,18,Compost
26.55349748,158.8068294,6.385389557,60.7489261,44.35947784,70.97590635,18,DAP
22.72785734,173.0159825,6.376981537,70.44605584,70.6365231,82.89793714,18,Compost
27.14512986,182.9866539,6.25807328,65.59323244,36.81796185,80.58636796,18,DAP
23.39024489,201.6174306,6.334096754,59.83382896,48.61814026,59.3939418,18,DAP
24.17877742,173.4036009,6.269349844,62.49101134,52.09275648,71.59189318,18,Compost
27.03104886,164.2256983,6.85253032,69.66710476,125.8934604,146.0265723,18,Compost
26.10864221,112.4822137,6.777607758,57.90450665,100.0133247,120.4271448,18,Compost
22.53551067,84.50710937,7.12936895,59.42666552,126.9869658,96.30408938,0,Compost
24.32660511,84.6458818,7.350513061,58.96747334,69.49707739,61.33567908,0,Compost
26.50453167,84.04821331,7.137012293,35.52771842,158.4951739,106.2920985,0,Urea
27.79156107,81.3078391,6.341895755,61.7836899,66.96342473,55.99816324,0,Compost
25.25774773,78.64266412,6.912282526,56.41433023,95.5119887,70.73237466,0,Compost
19.98884998,56.99329571,7.560886022,55.51676641,65.6044902,49.7744187,0,MOP
25.77152813,69.98840847,8.82843282,59.34239069,45.81667279,48.40179044,0,DAP
24.29767577,73.67799758,6.292655234,58.00559194,44.53565781,52.90065545,0,DAP
26.72008729,71.70661392,6.079574607,58.5614043,51.31356118,46.9842594,0,MOP
24.86492009,83.77918337,7.28074449,59.53886237,103.1441626,159.5640307,0,NPK
26.23311921,111.0012662,7.14417509,59.87291083,105.7310468,81.34879318,0,NPK
24.17196522,80.88934009,6.828361797,59.95319476,101.7834326,67.78382694,0,Compost
19.85683744,118.9325218,7.121237089,59.92915533,111.0312099,76.43944887,0,Compost
25.02404409,63.27940014,7.266150413,59.17934398,108.2928451,72.38664617,0,NPK
20.99853377,63.87339683,7.287819945,60.67494614,-37.64973873,-20.50910839,0,DAP
23.97242889,66.28948743,8.145008971,57.90288718,43.93027876,159.5640307,0,DAP
27.23287245,88.42743865,5.856611488,57.4308553,44.35617004,46.28358039,0,DAP
25.95594202,86.70259069,7.191327773,64.22158648,94.12480857,-20.50910839,0,MOP
22.05939054,79.40079662,7.306333744,59.04415212,101.6409267,73.07102093,0,NPK
24.10552776,80.10993144,6.242933419,59.44684139,86.0036068,57.94131827,0,Compost
23.10623521,74.09169861,6.942810435,57.65125091,177.3144812,132.6735476,0,Compost
23.99303916,84.45359941,6.969010381,59.20911032,142.3550273,148.2330859,0,Compost
22.46920283,94.38697463,6.869612798,59.43263207,144.6593555,112.6118311,0,NPK
24.39155163,88.77727693,7.384988665,54.68349513,81.65718332,64.42466908,0,Compost
22.96862447,-85.70959335,5.986289309,58.84056078,52.52124636,48.90726373,0,MOP
25.7546901,57.09160208,6.581898411,55.20259843,67.5243998,59.97639242,0,Compost
22.58425585,63.52042745,6.233086314,57.0419895,45.66434228,48.92568369,0,DAP
24.07028937,105.6913934,6.655426974,55.23265405,130.809544,95.68343278,0,Compost
25.02888087,115.990418,7.716398852,57.96191342,85.4748021,57.97091102,0,Compost
26.06689346,75.73406167,7.697232779,86.96971052,42.60793411,51.40658152,0,DAP
24.97845539,61.39598508,7.635900653,56.8507992,72.41587249,49.8933826,0,MOP
24.10510028,56.97306963,7.985785544,57.35763347,51.98535896,45.96465595,0,MOP
25.89595737,72.17844351,5.943961762,55.53846808,41.8700173,43.33525621,0,DAP
25.51617844,94.24464051,6.2227882,55.84110427,64.67679864,49.00779567,0,MOP
25.08997623,83.89264253,5.924011666,60.28085452,69.59689879,48.51678049,0,MOP
21.67802179,79.68197312,6.979949932,59.28471196,142.8664635,147.4027424,0,Compost
24.15899534,87.00237731,7.818621967,58.90201,-37.64973873,44.84104643,0,DAP
25.19880061,306.0816006,8.82843282,58.46082847,43.57664451,-20.50910839,0,DAP
23.4460156,85.3152685,8.159254345,56.6629775,48.70813286,63.08678561,0,DAP
21.442967,93.56886013,7.476616754,57.31748681,85.19649864,55.14868679,0,Compost
22.9051714,82.9129217,7.76622202,62.34970438,54.72895774,58.05472039,0,Compost
25.32703727,68.47256543,6.575262356,55.46028647,70.71476602,58.53680179,0,Compost
23.5756691,83.95331197,6.464371687,59.47775194,60.58913297,47.75823284,0,MOP
23.75051123,103.2079319,6.850903046,60.89281806,139.2091379,142.3291943,0,Compost
23.4207004,61.27736456,3.908612908,57.85223571,73.10982868,45.72422916,0,MOP
21.59603317,-85.70959335,7.078878415,59.62881717,112.630855,71.40020134,0,NPK
34.21011278,65.42403589,6.03279613,59.63918038,46.87041053,58.43793519,9,DAP
32.44642388,125.6184346,5.859318691,60.96005173,49.17964051,56.51558968,9,DAP
27.62152327,64.56847561,6.167427168,57.47375254,40.6640295,48.04255237,9,DAP
33.26259457,134.2569273,5.962559851,65.85139612,65.4564656,46.23462254,9,MOP
32.37075936,93.59570723,8.82843282,63.16949323,48.58577341,59.17752008,9,DAP
31.4445664,132.6959902,5.773560885,64.85525431,42.07428451,54.7032466,9,DAP
29.45630744,92.96922981,6.199798251,61.25356759,61.72751612,57.88759215,9,Compost
32.15659718,104.9333786,6.041509377,63.25476231,61.05276882,60.05868111,9,Compost
31.39810036,58.96416744,6.070261611,54.98311624,49.1825777,55.85954961,9,DAP
29.20172413,127.2093451,6.412481981,57.59497678,48.61448475,57.82923538,9,DAP
32.99098404,67.00961428,6.18095962,65.52561321,61.37613359,41.5124375,9,MOP
31.48282286,105.560338,5.99526566,60.95478538,33.44558382,62.59104809,9,DAP
29.9168618,108.8028724,6.480834171,63.18094332,31.8051688,54.08055496,9,DAP
33.51178134,145.4601713,6.308511588,35.52771842,65.35259378,66.84195036,9,Urea
33.6901876,139.3597293,6.0266571,67.33221455,65.67559563,71.1174655,9,Compost
31.9171149,153.054032,6.365546721,86.96971052,38.67622352,57.32474513,9,DAP
33.46690528,119.3493619,6.225281226,64.06486647,49.78273432,69.13577073,9,DAP
31.90236631,92.71838016,8.82843282,57.16417836,56.79057106,49.30905711,9,MOP
36.66982356,101.8921403,6.537690067,61.29911901,63.37903983,75.23131591,9,Compost
28.14154732,163.4451666,5.799187497,63.04567979,47.95629476,51.37369526,9,DAP
30.61170878,122.2061074,6.339623404,63.56385071,-37.64973873,66.00009185,9,DAP
34.57123876,90.91228812,5.661867816,60.83142429,60.55654066,-20.50910839,9,MOP
4.011486444,74.72192168,6.159039038,60.42173809,45.5695695,52.45828515,9,DAP
30.86333027,53.56157405,6.186573115,58.38305549,59.49028452,49.95888345,9,MOP
33.9809146,145.6393485,6.056086167,65.38615024,62.43420055,57.95199703,9,Compost
31.25252608,108.3452394,6.334570796,58.36151794,71.03837449,66.34082496,9,Compost
32.35659132,89.86128165,6.467512948,61.71630752,61.81791279,61.0872891,9,Compost
32.66337091,116.0919885,5.798734793,63.02683914,55.47381067,48.83003685,9,MOP
34.04036425,125.8692813,6.207612259,64.36812463,42.12591836,63.51789394,9,DAP
29.60044192,41.11702365,6.150758184,56.88537489,38.84212182,38.33879785,9,DAP
33.91719012,151.9974917,6.018545959,65.64616006,58.85002162,63.43618962,9,Compost
35.26421426,57.23710259,6.026043209,59.19773568,44.49969275,-20.50910839,9,DAP
32.23662338,116.2355222,6.052539947,60.93292873,-37.64973873,55.40332042,9,DAP
30.05898784,106.5218192,6.079046652,59.93756989,-37.64973873,159.5640307,9,DAP
29.95129845,126.6792844,6.077867323,62.41481702,47.73310663,50.73385455,9,DAP
31.60272288,306.0816006,5.931135017,35.52771842,52.95278652,55.53320293,9,Urea
33.60110746,93.00125214,6.091751991,61.08727149,48.63589872,49.14453368,9,DAP
33.7014779,99.08593408,5.746158737,64.57906563,49.00872847,66.66431188,9,DAP
34.8321484,54.24094677,5.630269262,56.94254463,-37.64973873,42.93902343,9,DAP
30.90369433,139.7671425,6.225918621,65.37149209,61.77974225,59.42725103,9,Compost
31.60663183,80.36617823,6.216734125,60.9776837,-37.64973873,58.75610408,9,DAP
31.71649727,112.3258587,6.307514128,60.74701107,65.97938976,49.43271384,9,MOP
34.52503263,77.41662711,6.214501035,60.18180375,60.43136199,51.71166401,9,Compost
29.24213988,147.786257,6.158800087,62.29888651,44.94820734,68.23879121,9,DAP
50.17984508,124.0850828,6.339577764,61.28500678,55.89685713,62.24424942,9,Compost
32.00769462,97.14700855,5.995313366,66.37946008,27.83148538,53.97982777,9,DAP
31.54055009,62.81534677,6.3238692,58.73599664,45.91780221,61.79655763,9,DAP
33.32988419,65.14393809,6.025131971,59.52858074,59.3801441,57.68483863,9,Compost
31.06568436,65.16636094,5.917801819,86.96971052,48.90287699,57.5297149,9,DAP
50.17984508,50.51111743,6.294875243,59.83815526,63.01179154,66.50101337,9,Compost
30.75280953,117.9654351,6.430863322,35.52771842,56.87028356,66.88081564,9,Urea
33.05118653,133.4600974,5.741184599,35.52771842,48.93545337,55.94242576,9,Urea
31.1274195,146.9014289,6.371903095,65.68240821,54.11436036,72.56379002,9,Compost
28.08333203,73.92881666,6.232804769,57.74661824,57.23706575,55.5587629,9,Compost
31.2083614,59.18418393,6.068345884,59.49057179,49.73509529,48.35485813,9,DAP
34.70357932,116.3447224,6.092314705,63.4509118,40.77668654,55.19082037,9,DAP
30.99867971,136.4451911,6.27179585,65.86323962,59.15590434,56.31657466,9,Compost
31.19903179,63.50225961,6.416648664,57.86584306,64.23682261,-20.50910839,9,MOP
32.17041278,132.6320632,6.276644808,62.84062136,52.17125202,52.67114355,9,Compost
31.1443403,59.251508,5.945180461,57.56853854,47.50400895,56.17749032,9,DAP
33.97918947,74.02696756,6.204479147,59.6013862,60.64683246,45.86614809,9,MOP
31.87200533,76.80466084,6.109118679,58.99795303,55.75675369,49.15721936,9,MOP
33.01741116,149.6844344,5.898223645,66.60457293,48.04349281,60.49070442,9,DAP
32.16170767,332.3837096,5.296282768,91.0376408,43.61793591,56.75908844,21,DAP
22.52841743,249.2899971,5.242213908,74.4017201,30.29786725,58.49540264,21,DAP
22.87223041,369.1411043,5.753193772,85.6608306,34.51795836,83.36896112,21,DAP
26.71652247,262.5535207,3.908612908,75.10435274,35.49728693,72.61999186,21,DAP
23.7288909,377.0250926,5.230603291,81.34109546,37.44828616,66.40718991,21,DAP
31.64934619,252.1022052,4.835474435,86.96971052,41.23073576,65.55967193,21,DAP
25.49488764,356.8886353,4.916330332,90.10392284,39.22716101,48.63477432,21,DAP
28.64953903,313.1186176,4.50210696,83.87299516,44.77998133,52.60250592,21,DAP
30.77752637,386.9106071,5.690269768,95.74108909,35.89827607,80.56643904,21,DAP
27.48476966,229.4337158,5.399568634,75.65040106,34.04849692,73.295939,21,DAP
33.52859207,239.5644871,4.521613206,82.88870527,39.38260159,46.76845895,21,DAP
31.5226424,362.3701043,5.348765832,91.34908179,48.01827966,83.49724465,21,DAP
4.011486444,299.541502,5.380636771,77.75132974,49.06115991,64.55999457,21,DAP
23.53613242,294.0959442,4.73261639,73.93882487,33.72757385,63.23635392,21,DAP
24.23584559,265.860235,5.877855655,74.51979053,31.98155436,73.65599013,21,DAP
33.62238417,246.7708941,5.324073116,83.66777436,33.11600801,66.90477291,21,DAP
34.12812797,361.3571051,5.524410777,96.27803009,44.19461583,75.91297509,21,DAP
23.09691037,207.4474912,4.645650694,69.5493669,48.82806025,54.33206885,21,DAP
34.23854457,370.4020498,4.720708438,98.58103894,36.40004777,73.1351315,21,DAP
20.48900771,-85.70959335,6.148696629,80.84089747,40.32038861,159.5640307,21,DAP
35.82780002,224.297123,5.894848643,81.17268955,46.86441534,-20.50910839,21,DAP
26.81641151,229.9155584,5.543949611,75.50123249,39.34020342,69.68157121,21,DAP
33.1466781,277.9446374,5.717895632,84.55224796,42.14111001,72.02081576,21,DAP
30.13572749,247.3374369,4.57640924,80.95295641,37.34907201,47.93265461,21,DAP
22.35826704,355.3372435,5.514033554,87.64870096,38.88742407,71.87421769,21,DAP
30.21388192,362.2501072,6.009023056,95.76482127,37.53380385,76.85363995,21,DAP
19.42032181,241.6390027,6.192574007,68.56168842,45.71556594,74.08918054,21,DAP
29.29670746,299.5172448,4.929796487,77.75264154,43.56691889,159.5640307,21,DAP
32.76806753,297.0981056,6.064181817,94.48072578,54.26203283,70.66260861,21,Compost
30.15523814,254.3046649,5.334555793,79.08791148,42.93312402,59.2448747,21,DAP
27.87065295,375.6066934,4.737649357,87.23011016,34.56759019,66.86049304,21,DAP
28.01134828,205.6873237,5.23938674,70.31094399,34.69465747,60.67157147,21,DAP
33.61345789,257.7640896,4.663299773,75.63576685,36.13069713,-20.50910839,21,DAP
26.12630901,255.7053466,4.320224145,75.10895333,41.86546133,55.7826908,21,DAP
22.60582383,196.0555985,4.63357268,69.93610394,50.43050196,46.55749303,21,MOP
26.45974307,258.5738408,4.956096996,79.78132923,36.52233165,55.44687398,21,DAP
23.75338608,226.5590687,4.495761651,76.3385189,34.41555837,52.9973241,21,DAP
28.07927397,350.8547561,5.57875203,93.12992723,39.6204506,76.04363973,21,DAP
26.43357549,337.4570554,3.908612908,78.59007593,38.73120262,60.89932276,21,DAP
20.07834386,398.1710942,5.386637816,86.96971052,35.48211833,62.7352126,21,DAP
20.77877049,367.7412901,4.188497987,81.49549023,31.49144682,159.5640307,21,DAP
31.02886922,239.3627617,4.573606436,35.52771842,40.07756243,54.58213732,21,Urea
27.47319824,292.2028513,4.750651547,78.96991876,46.66311721,65.66440072,21,DAP
30.03536713,234.3937941,4.73140953,75.02258087,41.56001833,67.70531565,21,DAP
20.64311274,303.8933975,4.833677199,76.19826658,35.53465773,53.65361336,21,DAP
26.69558412,350.9135219,4.97976964,80.63627711,31.40814432,62.14376708,21,DAP
23.97402316,334.0441194,5.393454992,89.80638769,34.34968872,59.93696236,21,DAP
27.82380186,262.494728,5.264887955,83.72664544,40.19262995,72.04996812,21,DAP
27.69973718,211.965778,5.413268883,67.22199592,31.03012814,51.68953715,21,DAP
21.03056892,312.4550713,4.918383996,76.52899153,41.41830045,49.81542616,21,DAP
26.99336918,411.9559473,5.719664537,84.76987243,48.69193029,85.17878864,21,DAP
29.18958883,237.9842567,5.640685094,72.12772861,34.94512142,63.19432733,21,DAP
26.79809525,375.2243002,5.098639388,90.70350694,38.09690383,69.83746049,21,DAP
30.21698482,236.5919711,5.490792056,77.71790094,48.79611203,65.73474825,21,DAP
21.48954339,307.2858372,5.205957843,77.26996694,44.88391144,70.21690055,21,DAP
31.2535019,295.1338972,5.181590789,85.80236812,40.29798127,66.29751489,21,DAP
22.26589699,238.0210708,5.061159078,72.64632951,28.52248712,58.56841339,21,DAP
23.74156957,218.3524533,5.803069021,68.79527833,40.58896412,60.43817685,21,DAP
21.05287169,195.6674464,5.771651621,67.96618653,42.44239135,67.43437838,21,DAP
29.55560928,252.0284737,5.827493496,35.52771842,47.6733052,66.13617663,21,Urea
30.88657761,375.0880245,4.632145267,93.61854505,43.55706015,71.3323518,21,DAP
19.75275852,359.7489397,5.078335834,78.79483177,42.97336745,73.67719928,21,DAP
28.87230834,214.2978591,5.717626692,73.53155949,48.60656121,62.33839662,21,DAP
50.17984508,296.338161,6.079046967,78.33386761,33.99391762,61.08860079,21,DAP
32.42801949,394.9140462,4.654525218,95.84343226,23.34164106,60.43457804,21,DAP
25.46084848,318.325369,5.465495107,78.69767593,43.00582625,65.2590467,21,DAP
24.23750533,364.6614787,5.150165033,81.3756787,49.25017075,64.52467816,21,DAP
19.52561966,285.0583892,5.539174098,72.8326295,44.32502954,66.01842528,21,DAP
4.011486444,352.8242431,5.390377983,85.08769858,37.60819326,68.305782,21,DAP
31.50498004,226.2565583,4.733955858,72.10300742,45.64148437,47.2782345,21,DAP
21.35654433,281.8920894,5.364817607,76.19114611,46.76837333,66.79575294,21,DAP
29.38513737,318.9668445,6.117220934,97.85455945,47.33709357,77.34618174,21,DAP
32.17370452,289.345546,4.776900226,83.1167501,39.78723682,67.01752345,21,DAP
30.35222387,229.4047762,5.219261456,74.71304134,42.85848554,56.00651544,21,DAP
27.13028515,189.9843671,5.420500039,67.62561929,55.0487462,48.75246205,21,MOP
27.58928272,351.5995603,5.861054811,89.96730292,42.37239327,73.50311272,21,DAP
27.22870919,297.9298034,5.492255492,90.38786907,41.44367547,82.92695395,21,DAP
22.41117206,241.7279739,4.775057503,67.6090078,40.55266416,57.81533818,21,DAP
31.95636171,310.1740082,5.646129953,84.47057895,34.85144734,63.70977867,21,DAP
22.66492806,383.2810628,4.479152033,87.10113128,47.51865897,62.83128355,21,DAP
25.16039035,241.0119154,5.719833909,73.30378882,47.11136797,70.60104084,21,DAP
4.011486444,232.4578081,5.635423322,76.3958513,43.09436697,159.5640307,21,DAP
27.88471397,210.5551569,5.266759075,74.82762731,38.14053728,67.32246543,21,DAP
28.17904893,306.0816006,5.046967234,83.17336828,34.9618931,62.99384439,21,DAP
20.40131417,362.3519354,6.111728106,81.99315428,-37.64973873,81.91049974,21,DAP
50.17984508,266.6999839,5.453403341,84.91500239,41.27370582,70.08823909,21,DAP
33.33014662,293.7720235,5.151427506,95.29304837,35.90970723,67.50094894,21,DAP
29.8751693,161.5204878,8.111140368,74.02516862,46.40490564,58.90331516,5,DAP
26.81981933,164.0925855,7.016435006,70.03976671,177.3144812,142.0575186,5,Compost
27.33639529,136.1258368,7.722857188,69.1045902,75.55718908,70.33414346,5,Compost
26.96930937,170.4211965,5.543659855,65.07964793,42.20678066,53.2512144,5,DAP
26.01071699,174.5638797,5.120803767,67.91967038,45.9559536,50.9839333,5,DAP
27.87155244,91.50866906,7.422275637,64.73529517,73.93802745,77.61893733,5,NPK
29.84917675,-85.70959335,7.141749519,69.34560969,93.00703532,88.65220536,5,Compost
29.71185456,147.3351584,5.370317966,71.10799176,38.63515177,55.77603732,5,DAP
29.33002837,173.1738992,6.985416744,70.39250953,-37.64973873,144.7391705,5,DAP
4.011486444,167.4153404,8.271081055,65.75197053,44.61626341,44.20953992,5,DAP
29.89817242,144.6298538,7.016724703,64.8040757,145.8714501,148.4333223,5,Compost
25.48019124,99.44026667,5.372785808,86.96971052,41.5513117,48.43682669,5,DAP
28.97739934,107.102081,7.75132847,64.53127685,177.3144812,50.6785688,5,Compost
25.4783207,-85.70959335,8.116385857,63.58312019,47.18532293,50.37556021,5,DAP
50.17984508,150.17244,7.70879612,64.87950974,76.80514977,66.7760022,5,Compost
30.10854625,151.6393234,7.982344394,68.91234306,49.02143004,64.36405611,5,DAP
25.40898149,170.066441,5.114359031,73.35447957,50.39883728,47.87361263,5,MOP
31.54602766,129.965969,7.394230677,66.68096128,177.3144812,135.9413982,5,NPK
28.66963217,118.8544216,5.087462171,64.71240681,38.6364113,54.18147385,5,DAP
50.17984508,133.1236599,5.846096885,63.75308906,62.54922044,49.14855176,5,MOP
29.76130583,99.08891966,6.99148106,66.68605031,147.7432461,148.0887125,5,Compost
26.7201094,174.8440619,7.317515764,72.75171395,135.7383447,148.2304839,5,NPK
28.5692445,122.0678163,6.369120881,65.49860172,54.17882698,63.88014266,5,Compost
28.97117353,113.7611486,6.763575346,60.48561677,115.6110592,76.67472427,5,NPK
25.38290214,131.0145021,6.234493687,63.89349789,75.18783453,56.28325978,5,Compost
27.56266267,174.230477,7.801580997,69.77898973,53.9742005,67.58025817,5,Compost
29.82972174,98.96824285,6.576899587,65.05373554,71.64919083,66.21748771,5,Compost
28.67311432,306.0816006,7.795673061,67.57020167,63.26632777,62.34334192,5,Compost
28.85694423,152.0342197,5.717751403,73.43336675,45.39256195,63.48702769,5,DAP
4.011486444,123.7367204,8.233728485,62.37145945,46.18679947,46.29520878,5,DAP
25.02178338,104.7560486,8.134959008,65.05057508,48.09805641,54.2051272,5,DAP
28.56863923,149.8882428,5.400904531,66.31630708,27.19402778,59.10385212,5,DAP
28.14957233,125.8078636,5.348418957,69.48218666,44.37170549,58.35111258,5,DAP
27.27612757,100.891739,7.171031211,63.20258402,142.9753886,139.977605,5,Compost
26.54818866,135.2893698,5.235749775,65.03337588,47.44633724,48.00671281,5,DAP
28.95053452,151.3391551,7.039923363,63.22145699,151.146094,140.20437,5,Compost
27.42364701,119.6323362,5.30628362,67.02975564,39.86196585,46.27024904,5,DAP
24.88629981,109.1874069,5.699314669,61.61593387,51.03342212,49.52909731,5,MOP
25.86958741,139.7323621,8.444201508,67.82918249,41.10173738,63.25455722,5,DAP
22.93051315,156.7398512,5.310092074,68.16031486,36.47414849,-20.50910839,5,DAP
27.04904492,111.3283053,5.97803605,60.02884502,49.24706781,54.73588883,5,DAP
25.90177048,-85.70959335,5.114453034,68.74167813,43.2931253,51.18882388,5,DAP
31.35316901,-85.70959335,6.882456946,64.68425332,151.3240274,134.8575504,5,Compost
27.9142028,165.0009235,8.089068899,72.54361491,48.53169275,50.45222441,5,DAP
27.9244125,134.0238861,6.821483294,65.99730039,-37.64973873,131.4544574,5,DAP
31.00512068,188.7923712,8.377978912,71.53821526,46.36881605,54.62526231,5,DAP
27.54643589,89.70014993,8.093079383,62.01720299,47.09108641,55.07119913,5,DAP
24.94167296,142.7980276,7.507421869,65.63690496,73.49850389,78.7079389,5,NPK
31.30564776,168.8349133,6.403366904,71.84451747,96.35011632,81.91002923,5,Compost
26.27645808,119.0914531,5.416627959,64.75931564,38.16965915,45.14176795,5,DAP
27.39988173,128.8617936,6.857763081,64.39819085,143.0510467,150.1419183,5,Compost
30.24839882,155.3254993,5.171960887,69.33526641,42.09546156,58.92079243,5,DAP
25.96343306,128.1783833,8.026964336,61.3861221,39.75441278,56.60480227,5,DAP
26.3909328,166.6675697,7.49512384,68.95381858,61.89665458,159.5640307,5,Compost
24.48407989,132.0515107,5.893266542,66.60966799,43.13287468,53.49258861,5,DAP
50.17984508,235.1744687,6.94970147,35.52771842,157.8438001,-20.50910839,19,Urea
39.42115572,129.8398763,6.845112227,72.60175055,133.7351046,110.9652593,19,Compost
43.09381352,193.8248966,7.036554851,95.90002678,177.3144812,-20.50910839,19,MOP
33.49147321,219.2582807,6.956961789,85.62424151,152.5965014,143.3702592,19,Compost
33.25706167,182.5911235,6.844905419,81.78964138,154.2489891,154.788595,19,Compost
50.17984508,187.3855235,7.066089582,78.45693566,127.4073504,150.2405391,19,NPK
34.54680714,60.25200009,7.189713455,54.39089352,154.9398344,85.97059191,19,Compost
50.17984508,79.40966295,6.831073338,35.52771842,143.9145197,145.0446333,19,Urea
29.2071288,140.208005,6.564588199,71.82896601,123.7429559,112.0742934,19,NPK
29.98405507,60.13724509,6.809559641,61.28518321,122.7240598,50.17922765,19,Compost
4.011486444,189.7266198,6.578449669,86.96971052,76.50343755,99.49153859,19,Compost
34.07848192,233.9900879,6.686659633,93.21857001,143.1283373,150.5991699,19,Compost
40.24498042,130.5361346,6.752513631,78.6049089,177.3144812,143.6135341,19,NPK
37.68960618,131.7860781,7.12635646,68.27792306,154.9012415,113.2083283,19,Compost
35.11657427,179.9541647,6.950579247,80.76644972,145.581714,146.9027195,19,NPK
43.61807951,77.62484332,6.899728785,66.03475963,177.3144812,132.428958,19,NPK
27.36611689,180.9805395,6.353248492,74.9942714,93.10123215,104.2591579,19,NPK
23.55148778,188.5996701,6.945289584,77.15347045,141.2772012,-20.50910839,19,MOP
42.67705945,75.27363461,6.534356842,69.08440004,119.3876424,61.24225404,19,Compost
33.37020027,147.2380211,6.662340765,76.1721905,143.7709061,147.3918068,19,NPK
42.35091972,210.559328,6.779370119,90.60277895,113.655224,116.7114432,19,Compost
44.85882729,226.5645419,6.925164707,94.44874864,115.0434978,126.2062655,19,NPK
27.69844852,51.77753537,6.953003345,58.41459185,110.4848709,66.57289504,19,Compost
30.00325885,195.6630519,6.813769684,81.15005693,150.8417049,135.5247037,19,NPK
33.06664607,175.3801574,6.579627679,76.24089622,120.7344977,109.8026565,19,NPK
33.81666973,70.93814368,6.790115174,64.12717526,75.67404221,59.53032069,19,NPK
21.94872429,243.3010976,6.740888878,78.8876395,149.6304465,141.1326943,19,Compost
29.76208077,68.20261076,6.572960847,62.76915859,101.5272975,69.27308039,19,Compost
29.90173785,115.2085936,6.731994658,69.95504528,149.7464314,103.8235848,19,Compost
4.011486444,306.0816006,6.845933569,76.56740518,91.52469038,86.53096714,19,Compost
23.56783409,169.4807746,6.726512844,71.34984153,111.2417485,98.01974578,19,Compost
36.01751963,169.5703823,6.642357751,81.82778205,149.2665712,136.5976592,19,Compost
41.48187998,212.7168287,6.539416266,94.33488317,-37.64973873,110.1118133,19,DAP
23.91070378,48.61620375,6.787720181,86.96971052,148.4329601,68.39299092,19,Compost
28.17993218,71.55603535,6.374964385,35.52771842,90.36700859,62.2389203,19,Urea
25.38578878,182.0611454,7.049864303,71.22304264,135.1388053,147.4572035,19,Compost
25.63346682,212.7077555,6.925125271,85.54698739,138.0116265,141.5292262,19,Compost
4.011486444,86.939748,6.596410212,68.33559351,93.46557434,57.7319883,19,NPK
32.71585553,28.25748301,6.417479989,58.1420054,99.85245766,51.19395391,19,Compost
39.64238355,219.1739618,6.535078828,94.60642635,138.5542627,149.1148806,19,NPK
27.00811922,252.0050336,6.79392015,84.05479164,145.0157626,135.1934644,19,Compost
39.56914685,142.0198227,7.027161354,83.01672009,152.995013,159.5640307,19,Compost
40.55323503,111.1886661,6.762591688,35.52771842,139.246975,124.4449982,19,Urea
26.63040238,120.6243205,6.071692131,62.3900657,65.37632152,61.87127509,20,Compost
20.9305934,126.8564906,6.028629304,60.89476012,-37.64973873,-20.50910839,20,DAP
22.55728649,98.76583023,6.768349067,63.21806489,139.2875971,96.4333055,20,Compost
25.75172327,78.35461022,6.324148196,64.03136764,83.88460908,63.93254189,20,Compost
22.88217371,306.0816006,6.233884042,62.20395327,66.64273077,63.40630679,20,Compost
22.83467898,127.2561616,6.576548869,64.67881121,72.70339982,-20.50910839,20,MOP
15.04877768,106.5359644,6.682713298,86.96971052,133.6615403,135.1906437,20,Compost
23.06683108,113.8191677,6.844130633,64.39428538,120.5335358,-20.50910839,20,MOP
23.95672472,97.91391569,5.861207424,62.21015632,54.8674981,43.94089696,20,MOP
19.92096021,112.8252203,5.819640095,61.94208555,53.38437712,48.7534674,20,MOP
23.26229174,114.1744665,6.1256338,65.68332288,52.74731711,56.17466429,20,Compost
21.52112253,126.9206925,7.167960034,59.63083432,138.9651613,143.3516363,20,NPK
18.84753906,106.2865618,5.501266129,62.01440948,45.33521269,54.36044,20,DAP
21.52693677,97.75698104,6.069451401,63.49377593,34.94878381,59.17512304,20,DAP
18.76375507,108.8918079,6.395462687,59.72366528,69.83405064,47.60794506,20,MOP
19.24094789,96.47529384,6.052548929,63.44768976,68.13849562,49.17219661,20,MOP
23.1306512,306.0816006,6.998932624,63.05662788,144.2254021,143.8465114,20,Compost
23.08730789,134.2659551,6.92058265,61.48664483,136.7839302,109.9706602,20,Compost
18.52732247,98.04016376,5.605442793,61.10671838,52.00265975,42.80562703,20,MOP
24.06914997,87.15885544,5.670943917,35.52771842,61.8776015,49.12698583,20,Urea
50.17984508,306.0816006,6.461573549,60.16783692,91.94263869,76.7381147,20,NPK
22.89500634,95.67799832,6.93820922,63.10683132,156.0569581,140.0788872,20,Compost
20.19844093,134.6284268,6.922304956,61.45984559,-37.64973873,137.486572,20,DAP
20.47474291,107.8534357,8.82843282,61.43337685,56.12030339,47.21916774,20,MOP
22.8933397,109.0989973,5.755931111,61.99645237,44.30267173,46.25482256,20,DAP
21.13587703,104.6489399,6.88349658,62.17023686,117.9125306,89.04066779,20,NPK
20.94309955,123.3251059,5.524390715,61.9871582,-37.64973873,50.37956427,20,DAP
22.50533062,93.22166884,6.008252884,63.49651765,59.84210405,49.45782769,20,MOP
21.78089343,110.429965,6.666075099,86.96971052,-37.64973873,142.5227874,20,DAP
22.18266403,108.9108771,7.016669806,61.29212989,155.6815918,152.1869691,20,Compost
18.1560695,108.3644522,7.3412623,63.27339114,156.7778603,118.1256134,20,NPK
19.20741164,117.1280971,6.902596307,58.85365365,151.5152929,-20.50910839,20,MOP
50.17984508,115.8639605,6.160736404,63.81373226,61.35860553,61.19119584,20,Compost
19.03141805,107.7215078,5.712297835,58.79822006,48.44694744,36.50037244,20,DAP
24.31293568,116.6323849,6.796225494,62.18811402,92.67009527,74.54705272,20,Compost
23.91023092,99.94434279,5.781689346,59.73148068,49.08711566,47.20106734,20,DAP
26.95272311,127.9889661,6.549433217,65.44051818,94.91783749,76.10746948,20,NPK
22.50719007,72.2406105,6.383261093,60.86747882,-37.64973873,81.36853937,20,DAP
21.13137939,123.4876826,6.457673389,35.52771842,62.43948535,61.54305858,20,Urea
19.06983551,83.00598388,7.002329891,61.51377243,145.4154843,145.2081632,20,Compost
23.28204843,306.0816006,6.235159904,63.38780627,67.46157608,47.47315668,20,MOP
27.28404564,122.327394,5.76973322,64.10844217,49.82752704,58.98913464,20,DAP
18.8888569,118.7365579,6.846927932,61.1108051,161.4374496,148.4225312,20,NPK
21.11848062,306.0816006,7.269644882,60.19238805,136.0119733,146.1103711,20,Compost
25.35154278,105.2983309,5.847423049,62.93661988,47.19030019,51.66143482,20,DAP
22.14255434,121.3306778,5.427957825,58.26973841,45.66940294,50.61814467,20,DAP
18.21579724,125.3647233,6.14927995,63.06677324,67.85792953,52.18973331,20,Compost
20.04482365,97.08620323,5.740468813,59.97407426,38.0051808,50.46376239,20,DAP
23.36338135,113.6319303,7.055335676,61.83192806,147.9229018,159.5640307,20,Compost
25.43785,98.71379167,5.572919101,60.7399512,42.74197412,59.37357033,20,DAP
16.57294399,306.0816006,5.8667374,57.30913698,49.87439182,65.26653464,20,DAP
17.9310586,93.43152711,7.013557592,57.82773094,161.1672372,-20.50910839,20,MOP
21.26756122,98.38573197,6.469359148,59.61239614,67.07019197,61.28569893,20,Compost
19.311095,95.49106933,7.240739666,61.09668054,147.6168917,159.5640307,20,Compost
22.91365007,109.3336192,6.048334136,61.95441575,58.25264733,46.80887737,20,MOP
25.69776605,67.53167892,6.435625578,57.58167816,61.97543059,49.44926044,23,MOP
23.03100639,45.92884131,6.068659813,56.57689196,61.02495938,44.53290711,23,MOP
28.51931298,56.77367435,6.377859273,57.1983576,86.99879206,53.76134597,23,NPK
25.54851547,-85.70959335,5.816970436,54.54905869,70.48647998,48.12600163,23,MOP
27.9798115,64.8873992,6.1179382,57.22522311,56.36875317,43.97711718,23,MOP
25.57321344,29.00306165,6.086043614,55.321372,-37.64973873,44.757985,23,DAP
27.88427301,40.73006477,6.813859347,54.45416527,105.5902472,60.82113262,23,Compost
27.51981465,306.0816006,6.657121171,57.12396669,87.11082638,59.45701973,23,NPK
25.63374654,40.19864718,6.756941044,61.24973001,150.1767679,76.16870981,23,Compost
25.56774103,50.73958077,6.258053367,59.67615196,72.71915646,50.24281116,23,Compost
27.73252537,44.84560389,6.212972198,53.34954002,50.34298299,39.93020794,23,MOP
25.84586725,56.87777737,6.262505366,58.99251612,81.85605781,49.04477112,23,MOP
23.64573256,45.56217639,6.421060029,55.50867818,75.80881349,-20.50910839,23,MOP
23.7476376,61.25500459,6.619626195,57.64255029,133.1773579,83.02896326,23,Compost
25.78071901,45.28569305,6.223957488,53.7802718,92.82051834,-20.50910839,23,MOP
26.92076025,44.93879655,6.886501509,54.4666426,118.4667567,-20.50910839,23,MOP
27.64806961,37.96590285,6.2166228,58.04798039,63.15352899,45.83206064,23,MOP
24.75062102,21.12516041,6.734922805,55.80470984,135.8812547,73.9865542,23,NPK
22.5425901,57.30631995,6.463740934,56.85476645,95.21113721,69.92095261,23,NPK
23.81954826,48.99900113,6.837377456,58.25463289,-37.64973873,72.46446872,23,DAP
24.45002216,47.78405668,6.455431091,57.16818515,107.6840663,42.61984828,23,MOP
23.99359675,48.39087997,5.693124417,55.44283586,51.20204883,49.39890685,23,MOP
24.58962203,26.63777345,6.334771283,57.37781079,64.01665087,42.89408034,23,MOP
28.00761496,53.37183353,6.599514105,58.03836628,145.1744576,85.62857876,23,Compost
25.70972268,44.76116122,7.110970356,55.3692672,151.6285283,123.6002093,23,NPK
25.11682245,52.38260135,6.363206443,56.48332042,77.67817114,56.48557791,23,Compost
24.15665692,43.77306142,6.808619522,86.96971052,150.9811191,126.9870463,23,NPK
23.95692403,46.72393666,6.507959376,55.76405432,46.19710024,48.38425921,23,DAP
25.72422997,53.19755534,6.210635778,56.85677902,81.15822414,46.55796796,23,MOP
24.97075509,33.46057186,7.000621936,55.03747872,136.0201832,96.28462568,23,Compost
21.61154447,65.82449274,6.283665398,53.574443,53.93302479,53.91797199,23,Compost
25.31749635,57.04732535,8.82843282,56.05766424,60.43306784,48.45463421,23,MOP
26.44643883,50.69520907,6.901125985,58.36812027,133.8526034,159.5640307,23,Compost
24.06134886,20.90708307,6.230401649,53.69255431,59.85858965,46.23679106,23,MOP
25.62763963,52.48174727,6.536404851,54.79301181,177.3144812,61.73860051,23,Compost
26.05988987,66.49497908,6.101500936,55.97207181,65.62880137,38.57585624,23,MOP
25.98037592,69.15966558,6.438343115,54.68499421,71.99620385,58.07949404,23,Compost
24.98689685,56.85026344,5.978602675,56.468387,51.62729668,44.60948822,23,MOP
22.23233302,41.92450761,6.720048147,35.52771842,161.3249927,77.76441946,23,Urea
24.48579479,31.60180361,6.495979595,53.40511628,81.42093198,48.38096836,23,MOP
25.91151732,23.85564081,6.982616617,56.03665267,-37.64973873,67.79084598,23,DAP
23.58467673,16.87105402,6.626363865,56.69057692,-37.64973873,53.532119,23,DAP
24.20350371,42.77362406,3.908612908,54.79047652,56.08250304,45.91429974,23,MOP
4.011486444,56.54249513,6.900365417,55.08445531,101.7523603,60.17580921,23,Compost
27.73638323,54.66992146,6.857985022,54.39862957,132.8171391,60.5750359,23,NPK
27.60421161,52.76882447,6.715761905,56.34238605,133.9655569,61.6177282,23,Compost
24.83942025,47.39472826,6.898320178,58.8831182,119.9702746,77.93898108,23,NPK
26.96029262,33.22201952,6.896409462,54.55813981,109.1854846,60.81711452,23,Compost
24.65800393,62.12086442,6.389706627,86.96971052,92.51682402,52.63746814,23,Compost
26.93227842,17.87861549,3.908612908,55.62890941,58.82666792,49.73108857,23,MOP
25.93981746,41.36145705,6.182517583,53.24256177,56.75000357,42.37055202,23,MOP
25.65229768,71.25400956,6.02845759,35.52771842,58.34665001,44.19139808,23,Urea
21.83923637,44.50501607,6.477451171,57.29461336,97.43308401,68.17925075,23,Compost
24.64167783,69.47155993,7.143891187,57.99710841,135.1301545,121.0299404,23,Compost
25.05490639,54.87713846,7.060891235,57.20728712,137.7547228,79.39325503,23,NPK
25.79693453,70.51115146,6.842291354,86.96971052,146.3668989,120.7022062,23,Compost
26.01116764,35.29306414,6.246659354,57.42895988,60.69852275,44.61940975,23,MOP
26.35110261,52.19653162,6.313309098,55.44671103,75.78512424,63.15340951,23,NPK
24.60376187,306.0816006,6.84004533,56.11065868,150.6833617,-20.50910839,23,MOP
24.28950777,63.06810321,6.37270854,56.35800503,49.00327738,46.69588918,23,DAP
26.36860415,33.10601179,6.615921784,57.71170515,96.6629528,59.53147281,23,Compost
27.67072383,50.67008214,8.82843282,59.96760518,78.78700467,45.32712465,23,MOP
